id,label
1439,HPC
1242,HPC
1975,HPC
428,HPC
2167,HPC
370,HPC
684,HPC
1148,HPC
1497,HPC
800,HPC
2338,HPC
690,HPC
943,HPC
2305,HPC
2208,HPC
372,HPC
1613,HPC
2275,HPC
1709,HPC
2465,HPC
2477,HPC
722,HPC
1553,HPC
2531,HPC
1267,HPC
2043,HPC
521,HPC
1589,HPC
2079,HPC
2376,HPC
2552,HPC
231,HPC
2016,HPC
487,HPC
2011,HPC
1842,HPC
598,HPC
1801,HPC
1041,HPC
1248,HPC
772,HPC
2104,HPC
627,HPC
649,HPC
452,HPC
1182,HPC
2594,HPC
946,HPC
1644,HPC
1100,HPC
564,HPC
2146,HPC
515,HPC
1655,HPC
1131,HPC
623,HPC
1888,HPC
409,HPC
1051,HPC
2172,HPC
1236,HPC
1279,HPC
2425,HPC
544,HPC
2389,HPC
270,HPC
973,HPC
1474,HPC
859,HPC
367,HPC
2254,HPC
1852,HPC
956,HPC
569,HPC
990,HPC
2512,HPC
2336,HPC
881,HPC
701,HPC
2390,HPC
238,HPC
967,HPC
842,HPC
2456,HPC
1874,HPC
1562,HPC
539,HPC
835,HPC
1845,HPC
143,HPC
507,HPC
1437,HPC
1107,HPC
1213,HPC
594,HPC
366,HPC
2481,HPC
602,HPC
2513,HPC
1298,HPC
1026,HPC
968,HPC
336,HPC
1739,HPC
1198,HPC
1391,HPC
1443,HPC
960,HPC
2462,HPC
991,HPC
501,HPC
34,HPC
794,HPC
93,HPC
103,HPC
1710,HPC
2569,HPC
356,HPC
1981,HPC
445,HPC
1005,HPC
1509,HPC
1511,HPC
149,HPC
2096,HPC
140,HPC
948,HPC
1096,HPC
1951,HPC
744,HPC
100,HPC
856,HPC
495,HPC
1554,HPC
492,HPC
416,HPC
588,HPC
1040,HPC
104,HPC
347,HPC
2438,HPC
760,HPC
817,HPC
2214,HPC
703,HPC
858,HPC
58,HPC
1363,HPC
739,HPC
2561,HPC
2163,HPC
849,HPC
667,HPC
1019,HPC
1154,HPC
384,HPC
323,HPC
1857,HPC
1421,HPC
755,HPC
1053,HPC
169,HPC
2602,HPC
1098,HPC
1900,HPC
1519,HPC
1979,HPC
1628,HPC
1170,HPC
1156,HPC
1547,HPC
2020,HPC
1261,HPC
2429,HPC
401,HPC
2184,HPC
1501,HPC
1529,HPC
2123,HPC
212,HPC
837,HPC
1676,HPC
1080,HPC
2444,HPC
1610,HPC
134,HPC
1164,HPC
2026,HPC
2278,HPC
311,HPC
2335,HPC
2097,HPC
1411,HPC
2309,HPC
1645,HPC
1740,HPC
1070,HPC
1092,HPC
1330,HPC
1935,HPC
1800,HPC
2537,HPC
399,HPC
2468,HPC
1611,HPC
1997,HPC
675,HPC
1767,HPC
2412,HPC
873,HPC
2035,HPC
442,HPC